title,url,published,updated
Kingdom of Days: December 1,/2025/12/01/kingdom-of-days-december-1-2/,2025-12-01T04:00:54-08:00,2025-11-02T11:19:09-08:00
Kingdom of Days: November 30,/2025/11/30/kingdom-of-days-november-30-2/,2025-11-30T04:00:43-08:00,2025-10-30T14:06:13-07:00
Kingdom of Days: November 29,/2025/11/29/kingdom-of-days-november-29-2/,2025-11-29T04:00:29-08:00,2025-10-25T15:35:34-07:00
Kingdom of Days: November 28,/2025/11/28/kingdom-of-days-november-28-2/,2025-11-28T04:00:27-08:00,2025-10-25T15:35:14-07:00
Kingdom of Days: November 27,/2025/11/27/kingdom-of-days-november-27-2/,2025-11-27T04:00:26-08:00,2025-10-25T15:36:16-07:00
Kingdom of Days: November 26,/2025/11/26/kingdom-of-days-november-26-2/,2025-11-26T04:00:10-08:00,2025-10-22T16:44:06-07:00
Kingdom of Days: November 25,/2025/11/25/kingdom-of-days-november-25-2/,2025-11-25T04:00:09-08:00,2025-10-22T16:39:23-07:00
Kingdom of Days: November 24,/2025/11/24/kingdom-of-days-november-24-2/,2025-11-24T04:00:05-08:00,2025-10-22T16:38:30-07:00
Kingdom of Days: November 23,/2025/11/23/kingdom-of-days-november-23-2/,2025-11-23T04:00:04-08:00,2025-10-22T16:42:53-07:00
Kingdom of Days: November 22,/2025/11/22/kingdom-of-days-november-22-2/,2025-11-22T04:00:40-08:00,2025-10-21T16:37:02-07:00
Kingdom of Days: September 2,/2025/09/02/kingdom-of-days-september-2-2/,2025-09-02T04:00:52-07:00,2025-08-24T14:32:58-07:00
Kingdom of Days: September 1,/2025/09/01/kingdom-of-days-september-1-2/,2025-09-01T04:00:50-07:00,2025-08-24T14:35:56-07:00
Kingdom of Days: August 31,/2025/08/31/kingdom-of-days-august-31-2/,2025-08-31T04:00:05-07:00,2025-08-23T13:59:24-07:00
Kingdom of Days: August 30,/2025/08/30/kingdom-of-days-august-30-2/,2025-08-30T04:00:03-07:00,2025-08-23T14:01:13-07:00
Kingdom of Days: August 29,/2025/08/29/kingdom-of-days-august-29-2/,2025-08-29T04:00:38-07:00,2025-08-23T13:46:15-07:00
Kingdom of Days: August 28,/2025/08/28/kingdom-of-days-august-28-2/,2025-08-28T04:00:37-07:00,2025-08-23T13:47:35-07:00
Kingdom of Days: August 27,/2025/08/27/kingdom-of-days-august-27-2/,2025-08-27T04:00:35-07:00,2025-08-23T13:47:02-07:00
Kingdom of Days: August 26,/2025/08/26/kingdom-of-days-august-26-2/,2025-08-26T04:00:27-07:00,2025-08-17T16:10:55-07:00
Kingdom of Days: August 25,/2025/08/25/kingdom-of-days-august-25-2/,2025-08-25T04:00:25-07:00,2025-08-17T16:08:56-07:00
Kingdom of Days: August 24,/2025/08/24/kingdom-of-days-august-24-2/,2025-08-24T04:00:23-07:00,2025-08-17T16:10:33-07:00
Kingdom of Days: August 23,/2025/08/23/kingdom-of-days-august-23-2/,2025-08-23T04:00:23-07:00,2025-08-23T06:36:02-07:00
Kingdom of Days: August 22,/2025/08/22/kingdom-of-days-august-22-2/,2025-08-22T04:00:34-07:00,2025-08-15T15:58:57-07:00
Kingdom of Days: August 21,/2025/08/21/kingdom-of-days-august-21-2/,2025-08-21T04:00:31-07:00,2025-08-15T16:02:47-07:00
Kingdom of Days: August 20,/2025/08/20/kingdom-of-days-august-20-2/,2025-08-20T04:00:31-07:00,2025-08-15T15:59:32-07:00
Kingdom of Days: August 19,/2025/08/19/kingdom-of-days-august-19-2/,2025-08-19T04:00:35-07:00,2025-08-14T09:49:43-07:00
Kingdom of Days: August 18,/2025/08/18/kingdom-of-days-august-18-2/,2025-08-18T04:00:33-07:00,2025-08-14T09:56:06-07:00
Kingdom of Days: August 17,/2025/08/17/kingdom-of-days-august-17-2/,2025-08-17T04:00:33-07:00,2025-08-14T09:49:27-07:00
Kingdom of Days: August 16,/2025/08/16/kingdom-of-days-august-16-2/,2025-08-16T04:00:18-07:00,2025-08-09T13:42:47-07:00
Kingdom of Days: August 15,/2025/08/15/kingdom-of-days-august-15-2/,2025-08-15T04:00:16-07:00,2025-08-09T13:46:12-07:00
Kingdom of Days: August 14,/2025/08/14/kingdom-of-days-august-14-2/,2025-08-14T04:00:14-07:00,2025-08-09T13:42:09-07:00
Kingdom of Days: August 13,/2025/08/13/kingdom-of-days-august-13-2/,2025-08-13T04:00:13-07:00,2025-08-09T13:39:37-07:00
Kingdom of Days: August 12,/2025/08/12/kingdom-of-days-august-12-2/,2025-08-12T04:00:27-07:00,2025-08-09T11:10:13-07:00
Kingdom of Days: August 11,/2025/08/11/kingdom-of-days-august-11-2/,2025-08-11T04:00:26-07:00,2025-08-09T11:13:15-07:00
Kingdom of Days: August 10,/2025/08/10/kingdom-of-days-august-10-2/,2025-08-10T04:00:25-07:00,2025-08-09T11:12:24-07:00
Kingdom of Days: August 9,/2025/08/09/kingdom-of-days-august-9-2/,2025-08-09T04:00:08-07:00,2025-07-22T16:57:32-07:00
Kingdom of Days: August 8,/2025/08/08/kingdom-of-days-august-8-2/,2025-08-08T04:00:06-07:00,2025-07-22T16:56:36-07:00
Kingdom of Days: August 7,/2025/08/07/kingdom-of-days-august-7-2/,2025-08-07T04:00:05-07:00,2025-07-22T17:00:07-07:00
Kingdom of Days: August 6,/2025/08/06/kingdom-of-days-august-6-2/,2025-08-06T04:00:02-07:00,2025-07-21T15:20:42-07:00
Kingdom of Days: August 5,/2025/08/05/kingdom-of-days-august-5-2/,2025-08-05T04:00:00-07:00,2025-07-21T15:19:18-07:00
Kingdom of Days: August 4,/2025/08/04/kingdom-of-days-august-4-2/,2025-08-04T04:00:59-07:00,2025-07-21T15:16:59-07:00
Kingdom of Days: August 3,/2025/08/03/kingdom-of-days-august-3-2/,2025-08-03T04:00:55-07:00,2025-07-20T14:37:44-07:00
Kingdom of Days: August 2,/2025/08/02/kingdom-of-days-august-2-2/,2025-08-02T04:00:53-07:00,2025-07-20T14:40:09-07:00
Kingdom of Days: August 1,/2025/08/01/kingdom-of-days-august-1-2/,2025-08-01T04:00:51-07:00,2025-07-20T14:41:11-07:00
Kingdom of Days: July 31,/2025/07/31/kingdom-of-days-july-31-2/,2025-07-31T04:00:17-07:00,2025-07-17T17:22:52-07:00
Kingdom of Days: July 30,/2025/07/30/kingdom-of-days-july-30-2/,2025-07-30T04:00:15-07:00,2025-07-17T17:19:12-07:00
Kingdom of Days: July 29,/2025/07/29/kingdom-of-days-july-29-2/,2025-07-29T04:00:40-07:00,2025-07-18T14:07:10-07:00
Kingdom of Days: July 28,/2025/07/28/kingdom-of-days-july-28-2/,2025-07-28T04:00:35-07:00,2025-07-18T14:06:42-07:00
Kingdom of Days: July 27,/2025/07/27/kingdom-of-days-july-27-2/,2025-07-27T04:00:33-07:00,2025-07-18T14:10:05-07:00
Kingdom of Days: July 26,/2025/07/26/kingdom-of-days-july-26-2/,2025-07-26T04:00:10-07:00,2025-07-14T18:55:27-07:00
Kingdom of Days: July 25,/2025/07/25/kingdom-of-days-july-25-2/,2025-07-25T04:00:06-07:00,2025-07-14T18:59:37-07:00
Kingdom of Days: July 24,/2025/07/24/kingdom-of-days-july-24-2/,2025-07-24T04:00:04-07:00,2025-07-14T18:54:51-07:00
Kingdom of Days: July 23,/2025/07/23/kingdom-of-days-july-23-2/,2025-07-23T04:00:04-07:00,2025-07-14T18:56:12-07:00
Kingdom of Days: July 22,/2025/07/22/kingdom-of-days-july-22-2/,2025-07-22T04:00:36-07:00,2025-07-13T09:05:16-07:00
Kingdom of Days: July 21,/2025/07/21/kingdom-of-days-july-21-2/,2025-07-21T04:00:34-07:00,2025-07-13T09:10:21-07:00
Kingdom of Days: July 20,/2025/07/20/kingdom-of-days-july-20-2/,2025-07-20T04:00:33-07:00,2025-07-13T09:06:15-07:00
Kingdom of Days: July 19,/2025/07/19/kingdom-of-days-july-19-2/,2025-07-19T04:00:47-07:00,2025-07-09T15:12:02-07:00
Kingdom of Days: July 18,/2025/07/18/kingdom-of-days-july-18-2/,2025-07-18T04:00:46-07:00,2025-07-13T08:51:16-07:00
Kingdom of Days: July 17,/2025/07/17/kingdom-of-days-july-17-2/,2025-07-17T04:00:45-07:00,2025-07-18T12:54:55-07:00
Kingdom of Days: July 16,/2025/07/16/kingdom-of-days-july-16-2/,2025-07-16T04:00:14-07:00,2025-07-07T15:08:14-07:00
Kingdom of Days: July 15,/2025/07/15/kingdom-of-days-july-15-2/,2025-07-15T04:00:12-07:00,2025-07-08T15:27:10-07:00
Kingdom of Days: July 14,/2025/07/14/kingdom-of-days-july-14-2/,2025-07-14T04:00:11-07:00,2025-07-07T15:07:56-07:00
Kingdom of Days: July 13,/2025/07/13/kingdom-of-days-july-13-2/,2025-07-13T04:00:09-07:00,2025-07-07T15:07:10-07:00
Kingdom of Days: July 12,/2025/07/12/kingdom-of-days-july-12-2/,2025-07-12T04:00:39-07:00,2025-07-02T16:47:30-07:00
Kingdom of Days: July 11,/2025/07/11/kingdom-of-days-july-11-2/,2025-07-11T04:00:38-07:00,2025-07-02T16:43:30-07:00
Kingdom of Days: July 10,/2025/07/10/kingdom-of-days-july-10-2/,2025-07-10T04:00:36-07:00,2025-07-02T16:42:32-07:00
Kingdom of Days: July 9,/2025/07/09/kingdom-of-days-july-9-2/,2025-07-09T04:00:28-07:00,2025-07-01T18:40:23-07:00
Kingdom of Days: July 8,/2025/07/08/kingdom-of-days-july-8-2/,2025-07-08T04:00:26-07:00,2025-07-01T18:37:14-07:00
Kingdom of Days: July 7,/2025/07/07/kingdom-of-days-july-7-2/,2025-07-07T04:00:24-07:00,2025-07-01T18:35:42-07:00
Kingdom of Days: July 6,/2025/07/06/kingdom-of-days-july-6-2/,2025-07-06T04:00:03-07:00,2025-06-28T11:12:25-07:00
Kingdom of Days: July 5,/2025/07/05/kingdom-of-days-july-5-2/,2025-07-05T04:00:02-07:00,2025-06-28T11:15:40-07:00
Kingdom of Days: July 4,/2025/07/04/kingdom-of-days-july-4-2/,2025-07-04T04:00:59-07:00,2025-06-28T11:08:08-07:00
Kingdom of Days: July 3,/2025/07/03/kingdom-of-days-july-3-2/,2025-07-03T04:00:26-07:00,2025-06-25T16:33:38-07:00
Kingdom of Days: July 2,/2025/07/02/kingdom-of-days-july-2-2/,2025-07-02T04:00:22-07:00,2025-06-25T16:36:59-07:00
Kingdom of Days: July 1,/2025/07/01/kingdom-of-days-july-1-2/,2025-07-01T04:00:20-07:00,2025-06-25T16:33:22-07:00
Kingdom of Days: June 30,/2025/06/30/kingdom-of-days-june-30-2/,2025-06-30T04:00:22-07:00,2025-06-22T13:53:14-07:00
Kingdom of Days: June 29,/2025/06/29/kingdom-of-days-june-29-2/,2025-06-29T04:00:13-07:00,2025-06-21T18:23:02-07:00
Kingdom of Days: June 28,/2025/06/28/kingdom-of-days-june-28-2/,2025-06-28T04:00:11-07:00,2025-06-21T18:08:23-07:00
Kingdom of Days: June 27,/2025/06/27/kingdom-of-days-june-27-2/,2025-06-27T04:00:10-07:00,2025-06-21T18:15:48-07:00
Kingdom of Days: June 26,/2025/06/26/kingdom-of-days-june-26-2/,2025-06-26T04:00:06-07:00,2025-06-15T09:47:47-07:00
Kingdom of Days: June 25,/2025/06/25/kingdom-of-days-june-25-2/,2025-06-25T04:00:03-07:00,2025-06-15T09:43:47-07:00
Kingdom of Days: June 24,/2025/06/24/kingdom-of-days-june-24-2/,2025-06-24T04:00:01-07:00,2025-06-15T09:46:35-07:00
Kingdom of Days: June 23,/2025/06/23/kingdom-of-days-june-23-2/,2025-06-23T04:00:59-07:00,2025-06-15T09:42:33-07:00
Kingdom of Days: June 22,/2025/06/22/kingdom-of-days-june-22-2/,2025-06-22T04:00:12-07:00,2025-06-07T15:40:24-07:00
Kingdom of Days: June 21,/2025/06/21/kingdom-of-days-june-21-2/,2025-06-21T04:00:10-07:00,2025-06-07T15:32:48-07:00
Kingdom of Days: June 20,/2025/06/20/kingdom-of-days-june-20-2/,2025-06-20T04:00:08-07:00,2025-06-07T15:36:38-07:00
Kingdom of Days: June 19,/2025/06/19/kingdom-of-days-june-19-2/,2025-06-19T04:00:10-07:00,2025-06-07T13:07:14-07:00
Kingdom of Days: June 18,/2025/06/18/kingdom-of-days-june-18-2/,2025-06-18T04:00:09-07:00,2025-06-07T13:08:28-07:00
Kingdom of Days: June 17,/2025/06/17/kingdom-of-days-june-17-2/,2025-06-17T04:00:07-07:00,2025-06-07T13:12:29-07:00
Kingdom of Days: June 16,/2025/06/16/kingdom-of-days-june-16-2/,2025-06-16T04:00:18-07:00,2025-06-06T13:39:26-07:00
Kingdom of Days: June 15,/2025/06/15/kingdom-of-days-june-15-2/,2025-06-15T04:00:16-07:00,2025-06-06T13:35:46-07:00
Kingdom of Days: June 14,/2025/06/14/kingdom-of-days-june-14-2/,2025-06-14T04:00:14-07:00,2025-06-06T13:42:20-07:00
Kingdom of Days: June 13,/2025/06/13/kingdom-of-days-june-13-2/,2025-06-13T04:00:12-07:00,2025-06-06T13:38:02-07:00
Kingdom of Days: June 12,/2025/06/12/kingdom-of-days-june-12-2/,2025-06-12T04:00:54-07:00,2025-06-03T17:11:09-07:00
Kingdom of Days: June 11,/2025/06/11/kingdom-of-days-june-11-2/,2025-06-11T04:00:51-07:00,2025-06-03T17:06:29-07:00
Kingdom of Days: June 10,/2025/06/10/kingdom-of-days-june-10-2/,2025-06-10T04:00:50-07:00,2025-06-03T17:06:00-07:00
Kingdom of Days: June 9,/2025/06/09/kingdom-of-days-june-9-2/,2025-06-09T04:00:54-07:00,2025-06-01T09:23:10-07:00
Kingdom of Days: June 8,/2025/06/08/kingdom-of-days-june-8-2/,2025-06-08T04:00:52-07:00,2025-06-01T09:22:44-07:00
Kingdom of Days: June 7,/2025/06/07/kingdom-of-days-june-7-2/,2025-06-07T04:00:50-07:00,2025-06-01T09:23:39-07:00
Kingdom of Days: June 6,/2025/06/06/kingdom-of-days-june-6-2/,2025-06-06T04:00:48-07:00,2025-06-01T09:22:32-07:00
Kingdom of Days: June 5,/2025/06/05/kingdom-of-days-june-5-2/,2025-06-05T04:00:15-07:00,2025-05-31T08:19:46-07:00
Kingdom of Days: June 4,/2025/06/04/kingdom-of-days-june-4-2/,2025-06-04T04:00:13-07:00,2025-05-31T08:18:25-07:00
Kingdom of Days: June 3,/2025/06/03/kingdom-of-days-june-3-2/,2025-06-03T04:00:10-07:00,2025-05-31T08:21:33-07:00
Kingdom of Days: June 2,/2025/06/02/kingdom-of-days-june-2-2/,2025-06-02T04:00:08-07:00,2025-05-31T08:18:47-07:00
Kingdom of Days: June 1,/2025/06/01/kingdom-of-days-june-1-2/,2025-06-01T04:00:04-07:00,2025-05-31T08:21:19-07:00
Kingdom of Days: May 31,/2025/05/31/kingdom-of-days-may-31-2/,2025-05-31T04:00:28-07:00,2025-05-17T15:37:21-07:00
Kingdom of Days: May 30,/2025/05/30/kingdom-of-days-may-30-2/,2025-05-30T04:00:26-07:00,2025-05-17T15:37:59-07:00
Kingdom of Days: May 29,/2025/05/29/kingdom-of-days-may-29-2/,2025-05-29T04:00:40-07:00,2025-05-11T17:07:18-07:00
Kingdom of Days: May 28,/2025/05/28/kingdom-of-days-may-28-2/,2025-05-28T04:00:38-07:00,2025-05-11T17:08:57-07:00
Kingdom of Days: May 27,/2025/05/27/kingdom-of-days-may-27-2/,2025-05-27T04:00:36-07:00,2025-05-11T17:07:55-07:00
Kingdom of Days: May 26,/2025/05/26/kingdom-of-days-may-26-2/,2025-05-26T04:00:30-07:00,2025-05-10T13:51:29-07:00
Kingdom of Days: November 21,/2025/11/21/kingdom-of-days-november-21-2/,2025-11-21T04:00:37-08:00,2025-10-21T16:33:16-07:00
Kingdom of Days: November 20,/2025/11/20/kingdom-of-days-november-20-2/,2025-11-20T04:00:36-08:00,2025-10-21T16:34:56-07:00
Kingdom of Days: November 19,/2025/11/19/kingdom-of-days-november-19-2/,2025-11-19T04:00:01-08:00,2025-10-20T16:03:33-07:00
Kingdom of Days: November 18,/2025/11/18/kingdom-of-days-november-18-2/,2025-11-18T04:00:59-08:00,2025-10-20T16:00:22-07:00
Kingdom of Days: November 17,/2025/11/17/kingdom-of-days-november-17-2/,2025-11-17T04:00:58-08:00,2025-10-20T15:59:03-07:00
Kingdom of Days: November 16,/2025/11/16/kingdom-of-days-november-16-2/,2025-11-16T04:00:40-08:00,2025-10-13T14:08:49-07:00
Kingdom of Days: November 15,/2025/11/15/kingdom-of-days-november-15-2/,2025-11-15T04:00:37-08:00,2025-10-13T14:00:41-07:00
Kingdom of Days: November 14,/2025/11/14/kingdom-of-days-november-14-2/,2025-11-14T14:40:04-08:00,2025-11-14T14:40:05-08:00
Kingdom of Days: November 13,/2025/11/14/kingdom-of-days-november-13-2/,2025-11-14T14:39:24-08:00,2025-11-14T14:39:25-08:00
Kingdom of Days: November 12,/2025/11/14/kingdom-of-days-november-12-2/,2025-11-14T14:38:34-08:00,2025-11-14T14:38:34-08:00
Kingdom of Days: May 25,/2025/05/25/kingdom-of-days-may-25-2/,2025-05-25T04:00:28-07:00,2025-05-10T13:59:58-07:00
Kingdom of Days: May 24,/2025/05/24/kingdom-of-days-may-24-2/,2025-05-24T04:00:27-07:00,2025-05-10T13:51:54-07:00
Kingdom of Days: May 23,/2025/05/23/kingdom-of-days-may-23-2/,2025-05-23T04:00:25-07:00,2025-05-10T13:59:37-07:00
Kingdom of Days: May 22,/2025/05/22/kingdom-of-days-may-22-2/,2025-05-22T04:00:56-07:00,2025-05-04T18:04:03-07:00
Kingdom of Days: May 21,/2025/05/21/kingdom-of-days-may-21-2/,2025-05-21T04:00:55-07:00,2025-05-04T18:01:16-07:00
Kingdom of Days: May 20,/2025/05/20/kingdom-of-days-may-20-2/,2025-05-20T04:00:54-07:00,2025-05-04T17:58:56-07:00
Kingdom of Days: May 19,/2025/05/19/kingdom-of-days-may-19-2/,2025-05-19T04:00:45-07:00,2025-05-04T09:55:46-07:00
Kingdom of Days: May 18,/2025/05/18/kingdom-of-days-may-18-2/,2025-05-18T04:00:42-07:00,2025-05-04T09:51:49-07:00
Kingdom of Days: May 17,/2025/05/17/kingdom-of-days-may-17-2/,2025-05-17T04:00:41-07:00,2025-05-04T09:50:13-07:00
Kingdom of Days: May 16,/2025/05/16/kingdom-of-days-may-16-2/,2025-05-16T04:00:08-07:00,2025-05-03T17:06:32-07:00
Kingdom of Days: May 15,/2025/05/15/kingdom-of-days-may-15-2/,2025-05-15T04:00:06-07:00,2025-05-03T17:04:28-07:00
Kingdom of Days: May 14,/2025/05/14/kingdom-of-days-may-14-2/,2025-05-14T04:00:04-07:00,2025-05-03T17:02:44-07:00
Kingdom of Days: May 13,/2025/05/13/kingdom-of-days-may-13-2/,2025-05-13T04:00:02-07:00,2025-05-03T17:03:50-07:00
Kingdom of Days: May 12,/2025/05/12/kingdom-of-days-may-12-2/,2025-05-12T04:00:12-07:00,2025-05-02T16:22:45-07:00
Kingdom of Days: May 11,/2025/05/11/kingdom-of-days-may-11-2/,2025-05-11T04:00:10-07:00,2025-05-02T16:16:04-07:00
Kingdom of Days: May 10,/2025/05/10/kingdom-of-days-may-10-2/,2025-05-10T04:00:08-07:00,2025-05-02T16:15:44-07:00
Kingdom of Days: May 9,/2025/05/09/kingdom-of-days-may-9-2/,2025-05-09T04:00:21-07:00,2025-04-29T16:15:04-07:00
Kingdom of Days: May 8,/2025/05/08/kingdom-of-days-may-8-2/,2025-05-08T04:00:19-07:00,2025-04-29T16:09:31-07:00
Kingdom of Days: May 7,/2025/05/07/kingdom-of-days-may-7-2/,2025-05-07T04:04:00-07:00,2025-05-07T03:04:07-07:00
Kingdom of Days: May 6,/2025/05/06/kingdom-of-days-may-6-2/,2025-05-06T04:00:38-07:00,2025-04-28T16:10:02-07:00
Kingdom of Days: May 5,/2025/05/05/kingdom-of-days-may-5-2/,2025-05-05T04:00:08-07:00,2025-04-28T16:20:11-07:00
Kingdom of Days: May 4,/2025/05/04/kingdom-of-days-may-4-2/,2025-05-04T04:00:44-07:00,2025-04-28T16:15:15-07:00
Kingdom of Days: May 3,/2025/05/03/kingdom-of-days-may-3-2/,2025-05-03T04:00:10-07:00,2025-04-26T13:48:20-07:00
Kingdom of Days: May 2,/2025/05/02/kingdom-of-days-may-2-2/,2025-05-02T04:00:08-07:00,2025-04-26T13:46:32-07:00
Kingdom of Days: May 1,/2025/05/01/kingdom-of-days-may-1-2/,2025-05-01T04:00:06-07:00,2025-04-26T13:47:53-07:00
Kingdom of Days: April 30,/2025/04/30/kingdom-of-days-april-30-2/,2025-04-30T04:00:06-07:00,2025-04-23T15:40:28-07:00
Kingdom of Days: April 29,/2025/04/29/kingdom-of-days-april-29-2/,2025-04-29T04:00:09-07:00,2025-04-21T15:14:11-07:00
Kingdom of Days: April 28,/2025/04/28/kingdom-of-days-april-28-2/,2025-04-28T04:00:11-07:00,2025-04-21T15:16:50-07:00
Kingdom of Days: April 27,/2025/04/27/kingdom-of-days-april-27-2/,2025-04-27T04:00:05-07:00,2025-04-21T15:15:42-07:00
Kingdom of Days: April 26,/2025/04/26/kingdom-of-days-april-26-2/,2025-04-26T04:00:21-07:00,2025-04-20T17:00:24-07:00
Kingdom of Days: April 25,/2025/04/25/kingdom-of-days-april-25-2/,2025-04-25T04:00:21-07:00,2025-04-25T05:11:08-07:00
Kingdom of Days: April 24,/2025/04/24/kingdom-of-days-april-24-2/,2025-04-24T04:00:15-07:00,2025-04-20T17:07:26-07:00
Kingdom of Days: April 23,/2025/04/23/kingdom-of-days-april-23-2/,2025-04-23T04:00:14-07:00,2025-04-20T16:59:52-07:00
Kingdom of Days: April 22,/2025/04/22/kingdom-of-days-april-22-2/,2025-04-22T04:00:45-07:00,2025-04-15T21:23:30-07:00
Kingdom of Days: April 21,/2025/04/21/kingdom-of-days-april-21-2/,2025-04-21T04:00:43-07:00,2025-04-20T17:06:58-07:00
Kingdom of Days: April 20,/2025/04/20/kingdom-of-days-april-20-2/,2025-04-20T04:00:42-07:00,2025-04-15T21:22:51-07:00
Kingdom of Days: April 19,/2025/04/19/kingdom-of-days-april-19-2/,2025-04-19T04:00:43-07:00,2025-04-20T16:15:19-07:00
Kingdom of Days: April 18,/2025/04/18/kingdom-of-days-april-18-2/,2025-04-18T04:00:41-07:00,2025-04-15T16:01:24-07:00
Kingdom of Days: April 17,/2025/04/17/kingdom-of-days-april-17-2/,2025-04-17T04:00:40-07:00,2025-04-15T15:56:24-07:00
Kingdom of Days: April 16,/2025/04/16/kingdom-of-days-april-16-2/,2025-04-16T04:00:18-07:00,2025-04-02T18:19:32-07:00
Kingdom of Days: April 15,/2025/04/15/kingdom-of-days-april-15-2/,2025-04-15T04:00:14-07:00,2025-04-02T18:26:58-07:00
Kingdom of Days: April 14,/2025/04/14/kingdom-of-days-april-14-2/,2025-04-14T04:00:08-07:00,2025-04-02T18:23:36-07:00
Kingdom of Days: April 13,/2025/04/13/kingdom-of-days-april-13-2/,2025-04-13T04:00:06-07:00,2025-04-02T18:22:26-07:00
Kingdom of Days: April 12,/2025/04/12/kingdom-of-days-april-12-2/,2025-04-12T04:00:08-07:00,2025-04-02T18:26:21-07:00
Kingdom of Days: April 11,/2025/04/11/kingdom-of-days-april-11-2/,2025-04-11T04:00:06-07:00,2025-03-31T16:22:17-07:00
Kingdom of Days: April 10,/2025/04/10/kingdom-of-days-april-10-2/,2025-04-10T04:00:04-07:00,2025-03-31T16:20:55-07:00
Kingdom of Days: April 9,/2025/04/09/kingdom-of-days-april-9-2/,2025-04-09T04:00:55-07:00,2025-03-28T19:14:10-07:00
Kingdom of Days: April 8,/2025/04/08/kingdom-of-days-april-8-2/,2025-04-08T04:00:53-07:00,2025-03-28T19:11:38-07:00
Kingdom of Days: April 7,/2025/04/07/kingdom-of-days-april-7-2/,2025-04-07T04:00:51-07:00,2025-03-28T19:25:58-07:00
Kingdom of Days: April 6,/2025/04/06/kingdom-of-days-april-6-2/,2025-04-06T04:00:30-07:00,2025-03-25T14:14:06-07:00
Kingdom of Days: April 5,/2025/04/05/kingdom-of-days-april-5-2/,2025-04-05T04:00:28-07:00,2025-03-25T14:14:53-07:00
Kingdom of Days: April 4,/2025/04/04/kingdom-of-days-april-4-2/,2025-04-04T04:00:27-07:00,2025-03-25T14:20:18-07:00
Kingdom of Days: April 3,/2025/04/03/kingdom-of-days-april-3-2/,2025-04-03T04:00:26-07:00,2025-03-23T16:21:26-07:00
Kingdom of Days: April 2,/2025/04/02/kingdom-of-days-april-2-2/,2025-04-02T04:00:24-07:00,2025-03-23T16:16:04-07:00
Kingdom of Days: April 1,/2025/04/01/kingdom-of-days-april-1-2/,2025-04-01T04:00:23-07:00,2025-03-23T16:19:46-07:00
Kingdom of Days: March 31,/2025/03/31/kingdom-of-days-march-31-2/,2025-03-31T04:00:52-07:00,2025-03-28T18:41:21-07:00
Kingdom of Days: March 30,/2025/03/30/kingdom-of-days-march-30-2/,2025-03-30T04:00:50-07:00,2025-03-20T15:21:52-07:00
Kingdom of Days: March 29,/2025/03/29/kingdom-of-days-march-29-2/,2025-03-29T04:00:42-07:00,2025-03-20T14:28:52-07:00
Kingdom of Days: March 28,/2025/03/28/kingdom-of-days-march-28-2/,2025-03-28T04:00:40-07:00,2025-03-20T14:36:03-07:00
Kingdom of Days: March 27,/2025/03/27/kingdom-of-days-march-27-2/,2025-03-27T04:00:39-07:00,2025-03-20T14:33:09-07:00
Kingdom of Days: March 26,/2025/03/26/kingdom-of-days-march-26-2/,2025-03-26T04:00:56-07:00,2025-03-19T16:07:41-07:00
Kingdom of Days: March 25,/2025/03/25/kingdom-of-days-march-25-2/,2025-03-25T04:00:51-07:00,2025-03-19T16:12:32-07:00
Kingdom of Days: March 24,/2025/03/24/kingdom-of-days-march-24-2/,2025-03-24T04:00:50-07:00,2025-03-19T16:08:05-07:00
Kingdom of Days: March 23,/2025/03/23/kingdom-of-days-march-23-2/,2025-03-23T04:00:47-07:00,2025-03-19T16:08:35-07:00
Kingdom of Days: March 22,/2025/03/22/kingdom-of-days-march-22-2/,2025-03-22T04:00:17-07:00,2025-03-12T17:40:43-07:00
Kingdom of Days: March 21,/2025/03/21/kingdom-of-days-march-21-2/,2025-03-21T04:00:15-07:00,2025-03-21T04:08:21-07:00
Kingdom of Days: March 20,/2025/03/20/kingdom-of-days-march-20-2/,2025-03-20T04:00:54-07:00,2025-03-12T17:32:52-07:00
Kingdom of Days: March 19,/2025/03/19/kingdom-of-days-march-19-2/,2025-03-19T04:00:26-07:00,2025-03-06T16:51:17-08:00
Kingdom of Days: March 18,/2025/03/18/kingdom-of-days-march-18-2/,2025-03-18T04:00:24-07:00,2025-03-06T16:47:27-08:00
Kingdom of Days: March 17,/2025/03/17/kingdom-of-days-march-17-2/,2025-03-17T04:00:22-07:00,2025-03-06T16:46:30-08:00
Kingdom of Days: March 16,/2025/03/16/kingdom-of-days-march-16-2/,2025-03-16T04:00:32-07:00,2025-03-05T19:14:46-08:00
Kingdom of Days: March 15,/2025/03/15/kingdom-of-days-march-15-2/,2025-03-15T04:00:31-07:00,2025-03-05T19:16:21-08:00
Kingdom of Days: March 14,/2025/03/14/kingdom-of-days-march-14-2/,2025-03-14T04:00:29-07:00,2025-03-05T19:12:49-08:00
Kingdom of Days: March 13,/2025/03/13/kingdom-of-days-march-13-2/,2025-03-13T04:00:28-07:00,2025-03-05T19:10:38-08:00
Kingdom of Days: March 12,/2025/03/12/kingdom-of-days-march-12-2/,2025-03-12T04:00:37-07:00,2025-03-01T08:47:20-08:00
Kingdom of Days: March 11,/2025/03/11/kingdom-of-days-march-11-2/,2025-03-11T04:00:36-07:00,2025-03-01T08:42:17-08:00
Kingdom of Days: March 10,/2025/03/10/kingdom-of-days-march-10-2/,2025-03-10T04:00:35-07:00,2025-03-01T08:49:21-08:00
Kingdom of Days: March 9,/2025/03/09/kingdom-of-days-march-9-2/,2025-03-09T04:00:35-07:00,2025-02-27T12:50:32-08:00
Kingdom of Days: March 8,/2025/03/08/kingdom-of-days-march-8-2/,2025-03-08T04:00:33-08:00,2025-02-27T12:47:07-08:00
Kingdom of Days: March 7,/2025/03/07/kingdom-of-days-march-7-2/,2025-03-07T04:00:31-08:00,2025-02-27T12:48:53-08:00
Kingdom of Days: March 6,/2025/03/06/kingdom-of-days-march-6-2/,2025-03-06T04:00:36-08:00,2025-02-26T16:22:41-08:00
Kingdom of Days: March 5,/2025/03/05/kingdom-of-days-march-5-2/,2025-03-05T04:00:34-08:00,2025-02-26T16:23:57-08:00
Kingdom of Days: March 4,/2025/03/04/kingdom-of-days-march-4-2/,2025-03-04T04:00:32-08:00,2025-02-26T16:20:06-08:00
Kingdom of Days: March 3,/2025/03/03/kingdom-of-days-march-3-2/,2025-03-03T04:00:17-08:00,2025-02-26T16:17:34-08:00
Kingdom of Days: March 2,/2025/03/02/kingdom-of-days-march-2-2/,2025-03-02T04:00:15-08:00,2025-02-24T15:51:54-08:00
Kingdom of Days: March 1,/2025/03/01/kingdom-of-days-march-1-2/,2025-03-01T04:00:14-08:00,2025-02-24T15:50:40-08:00
February 29,/2025/02/28/kingdom-of-days-february-29-2/,2025-02-28T14:00:19-08:00,2025-11-24T15:11:38-08:00
February 28,/2025/02/28/kingdom-of-days-february-28-2/,2025-02-28T04:00:33-08:00,2025-11-24T15:08:38-08:00
February 27,/2025/02/27/kingdom-of-days-february-27-2/,2025-02-27T04:00:33-08:00,2025-11-24T15:07:16-08:00
February 26,/2025/02/26/kingdom-of-days-february-26-2/,2025-02-26T04:00:06-08:00,2025-11-24T15:05:33-08:00
February 25,/2025/02/25/kingdom-of-days-february-25-2/,2025-02-25T04:00:06-08:00,2025-11-24T15:04:09-08:00
February 24,/2025/02/24/kingdom-of-days-february-24-2/,2025-02-24T04:00:06-08:00,2025-11-24T15:45:14-08:00
February 23,/2025/02/23/kingdom-of-days-february-23-2/,2025-02-23T04:00:04-08:00,2025-11-24T14:59:02-08:00
February 22,/2025/02/22/kingdom-of-days-february-22-2/,2025-02-22T04:00:46-08:00,2025-11-24T15:53:02-08:00
February 21,/2025/02/21/kingdom-of-days-february-21-2/,2025-02-21T04:00:44-08:00,2025-11-24T14:08:52-08:00
February 20,/2025/02/20/kingdom-of-days-february-20-2/,2025-02-20T04:00:35-08:00,2025-11-24T14:08:00-08:00
February 19,/2025/02/19/kingdom-of-days-february-19-2/,2025-02-19T04:00:54-08:00,2025-11-24T14:07:10-08:00
February 18,/2025/02/18/kingdom-of-days-february-18-2/,2025-02-18T04:00:52-08:00,2025-11-24T15:44:18-08:00
February 17,/2025/02/17/kingdom-of-days-february-17-2/,2025-02-17T04:00:50-08:00,2025-11-24T14:04:29-08:00
February 16,/2025/02/16/kingdom-of-days-february-16-2/,2025-02-16T04:00:00-08:00,2025-11-24T14:03:34-08:00
Kingdom of Days: November 11,/2025/11/14/kingdom-of-days-november-11-2/,2025-11-14T14:37:36-08:00,2025-11-14T14:37:36-08:00
Kingdom of Days: November 10,/2025/11/14/kingdom-of-days-november-10-2/,2025-11-14T14:36:40-08:00,2025-11-14T14:36:41-08:00
Kingdom of Days: November 9,/2025/11/09/kingdom-of-days-november-9-2/,2025-11-09T04:00:43-08:00,2025-10-12T09:18:27-07:00
Kingdom of Days: November 8,/2025/11/08/kingdom-of-days-november-8-2/,2025-11-08T04:00:41-08:00,2025-10-12T09:13:36-07:00
Kingdom of Days: November 7,/2025/11/07/kingdom-of-days-november-7-2/,2025-11-07T04:00:40-08:00,2025-10-12T09:12:45-07:00
Kingdom of Days: November 6,/2025/11/06/kingdom-of-days-november-6-2/,2025-11-06T04:00:34-08:00,2025-10-11T12:52:29-07:00
Kingdom of Days: November 5,/2025/11/05/kingdom-of-days-november-5-2/,2025-11-05T04:00:32-08:00,2025-10-11T12:45:04-07:00
Kingdom of Days: November 4,/2025/11/04/kingdom-of-days-november-4-2/,2025-11-04T04:00:30-08:00,2025-10-11T12:43:37-07:00
Kingdom of Days: November 3,/2025/11/03/kingdom-of-days-november-3-2/,2025-11-03T04:00:33-08:00,2025-10-11T10:30:14-07:00
Kingdom of Days: November 2,/2025/11/02/kingdom-of-days-november-2-2/,2025-11-02T04:00:32-08:00,2025-10-11T10:19:55-07:00
February 15,/2025/02/15/kingdom-of-days-february-15-2/,2025-02-15T04:00:59-08:00,2025-11-24T14:01:46-08:00
February 14,/2025/02/14/kingdom-of-days-february-14-2/,2025-02-14T04:00:57-08:00,2025-11-24T13:25:40-08:00
February 13,/2025/02/13/kingdom-of-days-february-13-2/,2025-02-13T04:00:55-08:00,2025-11-24T14:00:45-08:00
February 12,/2025/02/12/kingdom-of-days-february-12-2/,2025-02-12T04:00:49-08:00,2025-11-26T17:03:13-08:00
February 11,/2025/02/11/kingdom-of-days-february-11-2/,2025-02-11T04:00:47-08:00,2025-11-24T13:22:35-08:00
February 10,/2025/02/10/kingdom-of-days-february-10-2/,2025-02-10T04:00:38-08:00,2025-11-26T16:50:18-08:00
February 9,/2025/02/09/kingdom-of-days-february-9-2/,2025-02-09T04:00:13-08:00,2025-11-26T16:31:27-08:00
February 8,/2025/02/08/kingdom-of-days-february-8-2/,2025-02-08T04:00:12-08:00,2025-11-26T16:30:28-08:00
February 7,/2025/02/07/kingdom-of-days-february-7-2/,2025-02-07T04:00:10-08:00,2025-11-26T15:40:12-08:00
February 6,/2025/02/06/kingdom-of-days-february-6-2/,2025-02-06T04:00:58-08:00,2025-11-22T17:15:26-08:00
February 5,/2025/02/05/kingdom-of-days-february-5-2/,2025-02-05T04:00:56-08:00,2025-11-26T15:37:31-08:00
February 4,/2025/02/04/kingdom-of-days-february-4-2/,2025-02-04T04:00:54-08:00,2025-11-25T19:40:27-08:00
February 3,/2025/02/03/kingdom-of-days-february-3-2/,2025-02-03T04:00:04-08:00,2025-11-26T16:39:19-08:00
February 2,/2025/02/02/kingdom-of-days-february-2-2/,2025-02-02T04:00:03-08:00,2025-11-24T14:49:28-08:00
February 1,/2025/02/01/kingdom-of-days-february-1-2/,2025-02-01T04:00:01-08:00,2025-11-26T17:01:16-08:00
January 31,/2025/01/31/kingdom-of-days-january-31-2/,2025-01-31T04:00:43-08:00,2025-11-19T12:32:08-08:00
January 30,/2025/01/30/kingdom-of-days-january-30-2/,2025-01-30T04:00:42-08:00,2025-11-12T12:48:12-08:00
January 29,/2025/01/29/kingdom-of-days-january-29-2/,2025-01-29T04:00:10-08:00,2025-11-12T11:43:43-08:00
January 28,/2025/01/28/kingdom-of-days-january-28-2/,2025-01-28T04:00:07-08:00,2025-11-19T12:31:09-08:00
January 27,/2025/01/27/kingdom-of-days-january-27-2/,2025-01-27T04:00:05-08:00,2025-11-19T12:29:58-08:00
January 26,/2025/01/26/kingdom-of-days-january-26-2/,2025-01-26T04:00:02-08:00,2025-11-15T12:59:50-08:00
January 25,/2025/01/25/kingdom-of-days-january-25-2/,2025-01-25T04:00:20-08:00,2025-11-12T09:28:56-08:00
January 24,/2025/01/24/kingdom-of-days-january-24-2/,2025-01-24T04:00:19-08:00,2025-11-19T12:29:08-08:00
January 23,/2025/01/23/kingdom-of-days-january-23-2/,2025-01-23T04:00:17-08:00,2025-11-19T12:33:10-08:00
January 22,/2025/01/22/kingdom-of-days-january-22-2/,2025-01-22T04:00:10-08:00,2025-11-15T15:26:39-08:00
January 21,/2025/01/21/kingdom-of-days-january-21-2/,2025-01-21T04:00:09-08:00,2025-11-19T12:41:51-08:00
January 20,/2025/01/20/kingdom-of-days-january-20-2/,2025-01-20T04:00:08-08:00,2025-11-19T12:33:55-08:00
January 19,/2025/01/19/kingdom-of-days-january-19-2/,2025-01-19T04:00:17-08:00,2025-11-12T10:05:02-08:00
January 18,/2025/01/18/kingdom-of-days-january-18-2/,2025-01-18T04:00:15-08:00,2025-11-12T12:45:11-08:00
January 17,/2025/01/17/kingdom-of-days-january-17-2/,2025-01-17T04:00:13-08:00,2025-11-08T20:55:47-08:00
January 16,/2025/01/16/kingdom-of-days-january-16-2/,2025-01-16T04:00:11-08:00,2025-11-08T20:52:36-08:00
January 15,/2025/01/15/kingdom-of-days-january-15-2/,2025-01-15T04:00:08-08:00,2025-11-15T13:52:16-08:00
January 14,/2025/01/14/kingdom-of-days-january-14-2/,2025-01-14T04:00:07-08:00,2025-11-08T09:46:07-08:00
January 13,/2025/01/13/kingdom-of-days-january-13/,2025-01-13T04:00:05-08:00,2025-11-12T09:12:15-08:00
January 12,/2025/01/12/kingdom-of-days-january-12/,2025-01-12T04:00:03-08:00,2025-11-19T12:40:19-08:00
January 11,/2025/01/11/kingdom-of-days-january-11/,2025-01-11T04:00:01-08:00,2025-11-12T09:37:40-08:00
January 10,/2025/01/10/kingdom-of-days-january-10/,2025-01-10T04:00:59-08:00,2025-11-12T15:19:38-08:00
January 9,/2025/01/09/kingdom-of-days-january-9/,2025-01-09T04:00:39-08:00,2025-11-12T09:11:22-08:00
January 8,/2025/01/08/kingdom-of-days-january-8/,2025-01-08T04:00:37-08:00,2025-11-12T12:35:55-08:00
January 7,/2025/01/07/kingdom-of-days-january-7/,2025-01-07T04:00:35-08:00,2025-11-08T09:48:57-08:00
January 6,/2025/01/06/kingdom-of-days-january-6/,2025-01-06T04:00:42-08:00,2025-11-08T09:48:36-08:00
January 5,/2025/01/05/kingdom-of-days-january-5-2/,2025-01-05T04:00:40-08:00,2025-11-12T12:34:00-08:00
January 4,/2025/01/04/kingdom-of-days-january-4/,2025-01-04T04:00:39-08:00,2025-11-12T10:26:10-08:00
January 3,/2025/01/03/kingdom-of-days-january-3/,2025-01-03T04:00:38-08:00,2025-11-08T09:47:43-08:00
January 2,/2025/01/02/kingdom-of-days-january-2/,2025-01-02T04:00:36-08:00,2025-11-15T14:05:10-08:00
January 1,/2025/01/01/kingdom-of-days-january-1/,2025-01-01T04:00:33-08:00,2025-11-08T09:46:54-08:00
Introduction,/2025/01/01/year-two-complete/,2025-01-01T03:00:00-08:00,2025-11-21T13:08:20-08:00
Kingdom of Days: December 31,/2024/12/31/kingdom-of-days-december-31/,2024-12-31T04:00:40-08:00,2024-12-14T13:44:16-08:00
Kingdom of Days: December 30,/2024/12/30/kingdom-of-days-december-30/,2024-12-30T04:00:39-08:00,2024-12-14T13:43:44-08:00
Kingdom of Days: December 29,/2024/12/29/kingdom-of-days-december-29/,2024-12-29T04:00:29-08:00,2024-12-09T14:20:04-08:00
Kingdom of Days: December 28,/2024/12/28/kingdom-of-days-december-28/,2024-12-28T04:00:26-08:00,2024-12-09T14:19:49-08:00
Kingdom of Days: December 27,/2024/12/27/kingdom-of-days-december-27/,2024-12-27T04:00:24-08:00,2024-12-09T14:19:36-08:00
Kingdom of Days: December 26,/2024/12/26/kingdom-of-days-december-26/,2024-12-26T04:00:45-08:00,2024-12-08T10:51:54-08:00
Kingdom of Days: December 25,/2024/12/25/kingdom-of-days-december-25/,2024-12-25T04:00:42-08:00,2024-12-08T10:49:00-08:00
Kingdom of Days: December 24,/2024/12/24/kingdom-of-days-december-24/,2024-12-24T04:00:38-08:00,2024-12-08T10:48:42-08:00
Kingdom of Days: December 23,/2024/12/23/kingdom-of-days-december-23/,2024-12-23T04:00:36-08:00,2024-12-08T10:51:10-08:00
Kingdom of Days: December 22,/2024/12/22/kingdom-of-days-december-22/,2024-12-22T04:00:45-08:00,2024-12-07T14:20:07-08:00
Kingdom of Days: December 21,/2024/12/21/kingdom-of-days-december-21/,2024-12-21T04:00:43-08:00,2024-12-07T14:21:42-08:00
Kingdom of Days: December 20,/2024/12/20/kingdom-of-days-december-20/,2024-12-20T04:00:27-08:00,2024-12-07T14:19:53-08:00
Kingdom of Days: December 19,/2024/12/19/kingdom-of-days-december-19/,2024-12-19T04:00:59-08:00,2024-12-07T13:56:33-08:00
Kingdom of Days: December 18,/2024/12/18/kingdom-of-days-december-18/,2024-12-18T04:00:57-08:00,2024-12-07T13:55:48-08:00
Kingdom of Days: December 17,/2024/12/17/kingdom-of-days-december-17/,2024-12-17T04:00:55-08:00,2024-12-07T13:55:05-08:00
Kingdom of Days: December 16,/2024/12/16/kingdom-of-days-december-16/,2024-12-16T04:00:46-08:00,2024-12-06T16:45:23-08:00
Kingdom of Days: December 15,/2024/12/15/kingdom-of-days-december-15/,2024-12-15T04:00:44-08:00,2024-12-06T16:45:03-08:00
Kingdom of Days: December 14,/2024/12/14/kingdom-of-days-december-14/,2024-12-14T04:00:43-08:00,2024-12-06T16:44:36-08:00
Kingdom of Days: December 13,/2024/12/13/kingdom-of-days-december-13/,2024-12-13T04:00:49-08:00,2024-12-06T16:37:00-08:00
Kingdom of Days: December 12,/2024/12/12/kingdom-of-days-december-12/,2024-12-12T04:00:48-08:00,2024-11-30T10:15:04-08:00
Kingdom of Days: December 11,/2024/12/11/kingdom-of-days-december-11/,2024-12-11T04:00:46-08:00,2024-11-30T09:55:46-08:00
Kingdom of Days: December 10,/2024/12/10/kingdom-of-days-december-10/,2024-12-10T04:00:44-08:00,2024-11-30T10:13:53-08:00
Kingdom of Days: December 9,/2024/12/09/kingdom-of-days-december-9/,2024-12-09T04:00:53-08:00,2024-11-29T14:43:37-08:00
Kingdom of Days: December 8,/2024/12/08/kingdom-of-days-december-8/,2024-12-08T04:00:51-08:00,2024-11-29T14:47:30-08:00
Kingdom of Days: December 7,/2024/12/07/kingdom-of-days-december-7/,2024-12-07T04:00:50-08:00,2024-11-29T14:42:13-08:00
Kingdom of Days: December 6,/2024/12/06/kingdom-of-days-december-6/,2024-12-06T04:00:12-08:00,2024-11-27T14:07:08-08:00
Kingdom of Days: December 5,/2024/12/05/kingdom-of-days-december-5/,2024-12-05T04:00:11-08:00,2024-11-27T14:06:32-08:00
Kingdom of Days: December 4,/2024/12/04/kingdom-of-days-december-4/,2024-12-04T04:00:10-08:00,2024-11-27T14:06:23-08:00
Kingdom of Days: December 3,/2024/12/03/kingdom-of-days-december-3/,2024-12-03T04:00:22-08:00,2024-11-25T16:07:21-08:00
Kingdom of Days: December 2,/2024/12/02/kingdom-of-days-december-2/,2024-12-02T04:00:20-08:00,2024-11-25T16:09:33-08:00
Kingdom of Days: December 1,/2024/12/01/kingdom-of-days-december-1/,2024-12-01T04:00:19-08:00,2024-11-25T16:08:08-08:00
Kingdom of Days: November 30,/2024/11/30/kingdom-of-days-november-30/,2024-11-30T04:00:50-08:00,2024-11-16T14:31:39-08:00
Kingdom of Days: November 29,/2024/11/29/kingdom-of-days-november-29/,2024-11-29T04:00:58-08:00,2024-11-16T11:57:00-08:00
Kingdom of Days: November 28,/2024/11/28/kingdom-of-days-november-28/,2024-11-28T04:00:55-08:00,2024-11-16T11:56:47-08:00
Kingdom of Days: November 1,/2025/11/01/kingdom-of-days-november-1-2/,2025-11-01T04:00:31-07:00,2025-10-11T10:25:33-07:00
Kingdom of Days: October 31,/2025/10/31/kingdom-of-days-october-31-2/,2025-10-31T04:00:24-07:00,2025-10-10T16:09:52-07:00
Kingdom of Days: October 30,/2025/10/30/kingdom-of-days-october-30-2/,2025-10-30T04:00:24-07:00,2025-10-10T16:03:26-07:00
Kingdom of Days: October 29,/2025/10/29/kingdom-of-days-october-29-2/,2025-10-29T04:00:28-07:00,2025-10-10T10:21:44-07:00
Kingdom of Days: October 28,/2025/10/28/kingdom-of-days-october-28-2/,2025-10-28T04:00:26-07:00,2025-10-11T10:22:55-07:00
Kingdom of Days: October 27,/2025/10/27/kingdom-of-days-october-27-2/,2025-10-27T04:00:24-07:00,2025-10-10T10:20:53-07:00
Kingdom of Days: October 26,/2025/10/26/kingdom-of-days-october-26-2/,2025-10-26T04:00:03-07:00,2025-10-08T14:54:16-07:00
Kingdom of Days: October 25,/2025/10/25/kingdom-of-days-october-25-2/,2025-10-25T04:00:03-07:00,2025-10-08T15:11:05-07:00
Kingdom of Days: October 24,/2025/10/24/kingdom-of-days-october-24-2/,2025-10-24T04:00:40-07:00,2025-10-08T15:10:30-07:00
Kingdom of Days: October 23,/2025/10/23/kingdom-of-days-october-23-2/,2025-10-23T04:00:07-07:00,2025-10-08T15:02:13-07:00
Kingdom of Days: October 22,/2025/10/22/kingdom-of-days-october-22-2/,2025-10-22T04:00:16-07:00,2025-10-08T13:30:12-07:00
Kingdom of Days: October 21,/2025/10/21/kingdom-of-days-october-21-2/,2025-10-21T04:00:14-07:00,2025-10-08T13:28:22-07:00
Kingdom of Days: October 20,/2025/10/20/kingdom-of-days-october-20-2/,2025-10-20T04:00:12-07:00,2025-10-08T13:25:10-07:00
Kingdom of Days: October 19,/2025/10/19/kingdom-of-days-october-19-2/,2025-10-19T04:00:38-07:00,2025-10-06T15:11:16-07:00
Kingdom of Days: October 18,/2025/10/18/kingdom-of-days-october-18-2/,2025-10-18T04:00:36-07:00,2025-10-06T15:30:35-07:00
Kingdom of Days: October 17,/2025/10/17/kingdom-of-days-october-17-2/,2025-10-17T04:00:36-07:00,2025-10-06T15:37:07-07:00
Kingdom of Days: October 16,/2025/10/16/kingdom-of-days-october-16-2/,2025-10-16T04:00:30-07:00,2025-10-04T10:28:53-07:00
Kingdom of Days: October 15,/2025/10/15/kingdom-of-days-october-15-2/,2025-10-15T04:00:29-07:00,2025-10-04T10:38:01-07:00
Kingdom of Days: October 14,/2025/10/14/kingdom-of-days-october-14-2/,2025-10-14T04:00:25-07:00,2025-10-04T10:29:36-07:00
Kingdom of Days: October 13,/2025/10/13/kingdom-of-days-october-13-2/,2025-10-13T04:00:23-07:00,2025-10-04T10:33:30-07:00
Kingdom of Days: October 12,/2025/10/12/kingdom-of-days-october-12-2/,2025-10-12T04:00:17-07:00,2025-10-04T05:12:50-07:00
Kingdom of Days: October 11,/2025/10/11/kingdom-of-days-october-11-2/,2025-10-11T04:00:14-07:00,2025-10-04T05:12:12-07:00
Kingdom of Days: October 10,/2025/10/10/kingdom-of-days-october-10-2/,2025-10-10T04:00:12-07:00,2025-10-04T05:12:04-07:00
Kingdom of Days: October 9,/2025/10/09/kingdom-of-days-october-9-2/,2025-10-09T04:00:55-07:00,2025-10-03T12:56:49-07:00
Kingdom of Days: October 8,/2025/10/08/kingdom-of-days-october-8-2/,2025-10-08T04:00:54-07:00,2025-10-03T12:55:10-07:00
Kingdom of Days: October 7,/2025/10/07/kingdom-of-days-october-7-2/,2025-10-07T04:00:54-07:00,2025-10-03T12:56:12-07:00
Kingdom of Days: October 6,/2025/10/06/kingdom-of-days-october-6-2/,2025-10-06T04:00:34-07:00,2025-10-02T07:09:27-07:00
Kingdom of Days: October 5,/2025/10/05/kingdom-of-days-october-5-2/,2025-10-05T04:00:32-07:00,2025-10-02T07:09:30-07:00
Kingdom of Days: October 4,/2025/10/04/kingdom-of-days-october-4-2/,2025-10-04T04:00:30-07:00,2025-10-02T07:11:32-07:00
Kingdom of Days: October 3,/2025/10/03/kingdom-of-days-october-3-2/,2025-10-03T04:00:55-07:00,2025-09-04T15:57:27-07:00
Kingdom of Days: October 2,/2025/10/02/kingdom-of-days-october-2-2/,2025-10-02T04:00:53-07:00,2025-09-04T15:49:22-07:00
Kingdom of Days: October 1,/2025/10/01/kingdom-of-days-october-1-2/,2025-10-01T04:00:51-07:00,2025-09-04T15:52:36-07:00
Kingdom of Days: September 30,/2025/09/30/kingdom-of-days-september-30-2/,2025-09-30T04:00:41-07:00,2025-09-04T10:38:53-07:00
Kingdom of Days: September 29,/2025/09/29/kingdom-of-days-september-29-2/,2025-09-29T04:00:35-07:00,2025-09-04T10:07:44-07:00
Kingdom of Days: September 28,/2025/09/28/kingdom-of-days-september-28-2/,2025-09-28T04:00:33-07:00,2025-09-28T12:33:52-07:00
Kingdom of Days: September 27,/2025/09/27/kingdom-of-days-september-27-2/,2025-09-27T04:00:31-07:00,2025-09-04T10:06:41-07:00
Kingdom of Days: September 26,/2025/09/26/kingdom-of-days-september-26-2/,2025-09-26T04:00:37-07:00,2025-09-03T13:46:23-07:00
Kingdom of Days: September 25,/2025/09/25/kingdom-of-days-september-25-2/,2025-09-25T04:00:39-07:00,2025-09-03T13:42:39-07:00
Kingdom of Days: September 24,/2025/09/24/kingdom-of-days-september-24-2/,2025-09-24T04:00:38-07:00,2025-09-03T13:46:46-07:00
Kingdom of Days: September 23,/2025/09/23/kingdom-of-days-september-23-2/,2025-09-23T04:00:14-07:00,2025-09-04T15:27:37-07:00
Kingdom of Days: September 22,/2025/09/22/kingdom-of-days-september-22-2/,2025-09-22T04:00:23-07:00,2025-09-02T13:21:06-07:00
Kingdom of Days: September 21,/2025/09/21/kingdom-of-days-september-21-2/,2025-09-21T04:00:21-07:00,2025-09-02T13:22:01-07:00
Kingdom of Days: September 20,/2025/09/20/kingdom-of-days-september-20-2/,2025-09-20T04:00:19-07:00,2025-09-02T13:21:44-07:00
Kingdom of Days: September 19,/2025/09/19/kingdom-of-days-september-19-2/,2025-09-19T04:00:42-07:00,2025-09-02T10:11:42-07:00
Kingdom of Days: September 18,/2025/09/18/kingdom-of-days-september-18-2/,2025-09-18T04:00:40-07:00,2025-09-02T10:10:58-07:00
Kingdom of Days: September 17,/2025/09/17/kingdom-of-days-september-17-2/,2025-09-17T04:00:39-07:00,2025-09-02T10:07:29-07:00
Kingdom of Days: September 16,/2025/09/16/kingdom-of-days-september-16-2/,2025-09-16T04:00:09-07:00,2025-09-01T14:43:26-07:00
Kingdom of Days: September 15,/2025/09/15/kingdom-of-days-september-15-2/,2025-09-15T04:00:08-07:00,2025-09-01T14:52:27-07:00
Kingdom of Days: September 14,/2025/09/14/kingdom-of-days-september-14-2/,2025-09-14T04:00:03-07:00,2025-09-01T14:46:39-07:00
Kingdom of Days: September 13,/2025/09/13/kingdom-of-days-september-13-2/,2025-09-13T04:00:00-07:00,2025-09-01T14:43:00-07:00
Kingdom of Days: September 12,/2025/09/12/kingdom-of-days-september-12-2/,2025-09-12T04:00:59-07:00,2025-08-31T08:40:41-07:00
Kingdom of Days: September 11,/2025/09/11/kingdom-of-days-september-11-2/,2025-09-11T04:00:57-07:00,2025-08-31T08:40:18-07:00
Kingdom of Days: September 10,/2025/09/10/kingdom-of-days-september-10-2/,2025-09-10T04:00:55-07:00,2025-08-31T08:39:59-07:00
Kingdom of Days: September 9,/2025/09/09/kingdom-of-days-september-9-2/,2025-09-09T04:00:16-07:00,2025-08-29T15:46:32-07:00
Kingdom of Days: September 8,/2025/09/08/kingdom-of-days-september-8-2/,2025-09-08T04:00:12-07:00,2025-09-09T08:21:42-07:00
Kingdom of Days: September 7,/2025/09/07/kingdom-of-days-september-7-2/,2025-09-07T04:00:08-07:00,2025-08-29T15:50:21-07:00
Kingdom of Days: September 6,/2025/09/06/kingdom-of-days-september-6-2/,2025-09-06T04:00:13-07:00,2025-08-25T16:04:54-07:00
Kingdom of Days: September 5,/2025/09/05/kingdom-of-days-september-5-2/,2025-09-05T04:00:11-07:00,2025-08-25T16:03:51-07:00
Kingdom of Days: September 4,/2025/09/04/kingdom-of-days-september-4-2/,2025-09-04T04:00:09-07:00,2025-08-25T16:04:21-07:00
Kingdom of Days: September 3,/2025/09/03/kingdom-of-days-september-3-2/,2025-09-03T04:00:54-07:00,2025-08-24T14:38:46-07:00
